{"OωO":{"type":"owo","content":[{"icon":"OωO","text":"OωO"},{"icon":"ヾ(≧∇≦*)ゝ","text":"ヾ(≧∇≦*)ゝ"},{"icon":"|´・ω・)ノ","text":"|´・ω・)ノ"},{"icon":"(☆ω☆)","text":"(☆ω☆)"},{"icon":"（╯‵□′）╯︵┴─┴","text":"（╯‵□′）╯︵┴─┴"},{"icon":"￣﹃￣","text":"￣﹃￣"},{"icon":"∠( ᐛ 」∠)＿","text":"∠( ᐛ 」∠)＿"},{"icon":"(/ω＼)","text":"(/ω＼)"},{"icon":"(๑•̀ㅁ•́ฅ)","text":"(๑•̀ㅁ•́ฅ)"},{"icon":"୧(๑•̀⌄•́๑)૭","text":"୧(๑•̀⌄•́๑)૭"},{"icon":"٩(ˊᗜˋ*)و","text":"٩(ˊᗜˋ*)و"},{"icon":"→_→","text":"→_→"},{"icon":"(ノ°ο°)ノ","text":"(ノ°ο°)ノ"},{"icon":"(´இ皿இ｀)","text":"(´இ皿இ｀)"},{"icon":"⌇●﹏●⌇","text":"⌇●﹏●⌇"},{"icon":"(ฅ´ω`ฅ)","text":"(ฅ´ω`ฅ)"},{"icon":"(╯°A°)╯︵○○○","text":"(╯°A°)╯︵○○○"},{"icon":"φ(￣∇￣o)","text":"φ(￣∇￣o)"},{"icon":"ヾ(´･ ･｀｡)ノ\\\"","text":"ヾ(´･ ･｀｡)ノ\\\""},{"icon":"( ง ᵒ̌皿ᵒ̌)ง⁼³₌₃","text":"( ง ᵒ̌皿ᵒ̌)ง⁼³₌₃"},{"icon":"(ó﹏ò｡)","text":"(ó﹏ò｡)"},{"icon":"Σ(っ °Д °;)っ","text":"Σ(っ °Д °;)っ"},{"icon":"( ,,´･ω･)ﾉ\\\"(´っω･｀｡)","text":"( ,,´･ω･)ﾉ\\\"(´っω･｀｡)"},{"icon":"╮(╯▽╰)╭","text":"╮(╯▽╰)╭"},{"icon":"o(*////▽////*)q","text":"o(*////▽////*)q"},{"icon":"( ๑´•ω•) \\\"(ㆆᴗㆆ)","text":"( ๑´•ω•) \\\"(ㆆᴗㆆ)"},{"icon":"(｡•ˇ‸ˇ•｡)","text":"(｡•ˇ‸ˇ•｡)"}]},"Emoji":{"type":"emoji","content":[{"icon":"😂","text":"😂"},{"icon":"😀","text":"😀"},{"icon":"😅","text":"😅"},{"icon":"😊","text":"😊"},{"icon":"🙂","text":"🙂"},{"icon":"🙃","text":"🙃"},{"icon":"😌","text":"😌"},{"icon":"😍","text":"😍"},{"icon":"😘","text":"😘"},{"icon":"😏","text":"😏"},{"icon":"😒","text":"😒"},{"icon":"🙄","text":"🙄"},{"icon":"😳","text":"😳"},{"icon":"😡","text":"😡"},{"icon":"😔","text":"😔"},{"icon":"😫","text":"😫"},{"icon":"😱","text":"😱"},{"icon":"😭","text":"😭"},{"icon":"💩","text":"💩"},{"icon":"👻","text":"👻"},{"icon":"🙌","text":"🙌"},{"icon":"🖕","text":"🖕"},{"icon":"👍","text":"👍"},{"icon":"🌝","text":"🌝"},{"icon":"🌚","text":"🌚"},{"icon":"😶","text":"😶"},{"icon":"🙏","text":"🙏"},{"icon":"😣","text":"😣"},{"icon":"💊","text":"💊"},{"icon":"🍉","text":"🍉"}]},"✪ω✪":{"type":"qwq","content":[{"icon":":qwq1:","img":"qwq1.png"},{"icon":":qwq2:","img":"qwq2.png"},{"icon":":qwq3:","img":"qwq3.png"},{"icon":":qwq4:","img":"qwq4.png"},{"icon":":qwq5:","img":"qwq5.png"},{"icon":":qwq6:","img":"qwq6.png"},{"icon":":qwq7:","img":"qwq7.png"},{"icon":":qwq8:","img":"qwq8.png"},{"icon":":qwq9:","img":"qwq9.png"},{"icon":":qwq10:","img":"qwq10.png"},{"icon":":qwq11:","img":"qwq11.png"},{"icon":":qwq12:","img":"qwq12.png"},{"icon":":qwq13:","img":"qwq13.png"},{"icon":":qwq14:","img":"qwq14.png"},{"icon":":qwq15:","img":"qwq15.png"},{"icon":":qwq16:","img":"qwq16.png"},{"icon":":qwq17:","img":"qwq17.png"},{"icon":":qwq18:","img":"qwq18.png"},{"icon":":qwq19:","img":"qwq19.png"},{"icon":":qwq20:","img":"qwq20.png"},{"icon":":qwq21:","img":"qwq21.png"},{"icon":":qwq22:","img":"qwq22.png"},{"icon":":qwq23:","img":"qwq23.png"},{"icon":":qwq24:","img":"qwq24.png"},{"icon":":qwq25:","img":"qwq25.png"},{"icon":":qwq26:","img":"qwq26.png"}]},"贴吧":{"type":"tieba","content":[{"icon":":a:","img":"a.png"},{"icon":":bishi:","img":"bishi.png"},{"icon":":bugaoxing:","img":"bugaoxing.png"},{"icon":":guai:","img":"guai.png"},{"icon":":haha:","img":"haha.png"},{"icon":":han:","img":"han.png"},{"icon":":hehe:","img":"hehe.png"},{"icon":":heixian:","img":"heixian.png"},{"icon":":huaji:","img":"huaji.png"},{"icon":":huaxin:","img":"huaxin.png"},{"icon":":jingku:","img":"jingku.png"},{"icon":":jingyan:","img":"jingya.png"},{"icon":":landeli:","img":"landeli.png"},{"icon":":lei:","img":"lei.png"},{"icon":":mianqiang:","img":"mianqiang.png"},{"icon":":nidongde:","img":"nidongde.png"},{"icon":":pen:","img":"pen.png"},{"icon":":shuijiao:","img":"shuijiao.png"},{"icon":":suanshuang:","img":"suanshuang.png"},{"icon":":taikaixin:","img":"taikaixin.png"},{"icon":":tushe:","img":"tushe.png"},{"icon":":wabi:","img":"wabi.png"},{"icon":":weiqu:","img":"weiqu.png"},{"icon":":what:","img":"what.png"},{"icon":":wuzuixiao:","img":"wuzuixiao.png"},{"icon":":xiaoguai:","img":"xiaoguai.png"},{"icon":":xiaohonglian:","img":"xiaohonglian.png"},{"icon":":xiaoniao:","img":"xiaoniao.png"},{"icon":":xiaoyan:","img":"xiaoyan.png"},{"icon":":xili:","img":"xili.png"},{"icon":":yamaidei:","img":"yamaidei.png"},{"icon":":yinxian:","img":"yinxian.png"},{"icon":":yiwen:","img":"yiwen.png"},{"icon":":zhenbang:","img":"zhenbang.png"},{"icon":":aixin:","img":"aixin.png"},{"icon":":xinsui:","img":"xinsui.png"},{"icon":":bianbian:","img":"bianbian.png"},{"icon":":caihong:","img":"caihong.png"},{"icon":":damuzhi:","img":"damuzhi.png"},{"icon":":dangao:","img":"dangao.png"},{"icon":":dengpao:","img":"dengpao.png"},{"icon":":honglingjin:","img":"honglingjin.png"},{"icon":":lazhu:","img":"lazhu.png"},{"icon":":liwu:","img":"liwu.png"},{"icon":":meigui:","img":"meigui.png"},{"icon":":OK:","img":"OK.png"},{"icon":":shafa:","img":"shafa.png"},{"icon":":shouzhi:","img":"shouzhi.png"},{"icon":":taiyang:","img":"taiyang.png"},{"icon":":xingxingyueliang:","img":"xingxingyueliang.png"},{"icon":":yaowan:","img":"yaowan.png"},{"icon":":yinyue:","img":"yinyue.png"}]},"滑稽":{"type":"huaji","content":[{"icon":":huaji1:","img":"huaji1.gif"},{"icon":":huaji2:","img":"huaji2.gif"},{"icon":":huaji3:","img":"huaji3.gif"},{"icon":":huaji4:","img":"huaji4.gif"},{"icon":":huaji5:","img":"huaji5.gif"},{"icon":":huaji6:","img":"huaji6.gif"},{"icon":":huaji7:","img":"huaji7.gif"},{"icon":":huaji8:","img":"huaji8.gif"},{"icon":":huaji9:","img":"huaji9.gif"},{"icon":":huaji10:","img":"huaji10.gif"},{"icon":":huaji11:","img":"huaji11.gif"},{"icon":":huaji12:","img":"huaji12.gif"},{"icon":":huaji13:","img":"huaji13.gif"},{"icon":":huaji14:","img":"huaji14.gif"},{"icon":":huaji15:","img":"huaji15.gif"},{"icon":":huaji16:","img":"huaji16.gif"},{"icon":":huaji17:","img":"huaji17.gif"},{"icon":":huaji18:","img":"huaji18.gif"},{"icon":":huaji19:","img":"huaji19.gif"},{"icon":":huaji20:","img":"huaji20.gif"},{"icon":":huaji21:","img":"huaji21.gif"},{"icon":":huaji22:","img":"huaji22.gif"},{"icon":":huaji23:","img":"huaji23.gif"},{"icon":":huaji24:","img":"huaji24.gif"},{"icon":":huaji25:","img":"huaji25.gif"},{"icon":":huaji26:","img":"huaji26.gif"},{"icon":":huaji27:","img":"huaji27.gif"}]}}